date,"Alberta, Canada","British Columbia, Canada","Manitoba, Canada","New Brunswick, Canada","Newfoundland and Labrador, Canada","Northwest Territories, Canada","Nova Scotia, Canada","Nunavut, Canada","Ontario, Canada","Prince Edward Island, Canada","Quebec, Canada","Saskatchewan, Canada","Yukon, Canada"
2020-09-02,0.37970000000000004,0.2345,0.34869999999999995,0.007700000000000001,0.0019,0.0,0.0092,0.0,0.10740000000000001,0.0,0.16679999999999998,0.032200000000000006,0.0
2020-09-03,0.3858,0.23620000000000002,0.3393,0.007700000000000001,0.0019,0.0,0.008199999999999999,0.0,0.1112,0.0125,0.1786,0.0373,0.0
2020-09-04,0.3903,0.24219999999999997,0.3212,0.0051,0.0019,0.0,0.008199999999999999,0.0,0.11230000000000001,0.0188,0.1892,0.0365,0.0
2020-09-05,0.3903,0.24219999999999997,0.306,0.0051,0.0038,0.0,0.0070999999999999995,0.0,0.11649999999999999,0.0188,0.19739999999999996,0.039,0.0
2020-09-06,0.3903,0.24219999999999997,0.2748,0.0038,0.0038,0.0,0.0051,0.0,0.11939999999999999,0.0188,0.2127,0.043300000000000005,0.0
2020-09-07,0.3320000000000001,0.19,0.2501,0.0038,0.0038,0.0,0.0061,0.0,0.11230000000000001,0.043899999999999995,0.23,0.0518,0.0
2020-09-08,0.4546,0.26210000000000006,0.24000000000000002,0.0026,0.0038,0.0,0.0061,0.0,0.13090000000000002,0.0564,0.2418,0.057699999999999994,0.0
2020-09-09,0.448,0.2694,0.2335,0.0026,0.0038,0.0,0.0051,0.0,0.1351,0.06889999999999999,0.24620000000000003,0.056,0.0
2020-09-10,0.44909999999999994,0.2832,0.2277,0.0038,0.0038,0.0,0.0051,0.0,0.13859999999999997,0.06889999999999999,0.2587,0.056799999999999996,0.0
2020-09-11,0.43850000000000006,0.2848,0.2153,0.0026,0.0019,0.0,0.0031,0.0,0.14479999999999998,0.06889999999999999,0.2784,0.0653,0.0
2020-09-12,0.43850000000000006,0.2848,0.18780000000000002,0.0026,0.0038,0.0,0.0031,0.0,0.1505,0.06889999999999999,0.28859999999999997,0.0798,0.0
2020-09-13,0.43850000000000006,0.2848,0.17550000000000002,0.0026,0.0038,0.0,0.0031,0.0,0.15669999999999998,0.06889999999999999,0.3072,0.0942,0.0
2020-09-14,0.43670000000000003,0.2893,0.1704,0.0038,0.0038,0.0,0.001,0.0,0.1702,0.06889999999999999,0.323,0.095,0.0
2020-09-15,0.4276,0.2968,0.1697,0.0038,0.0038,0.0,0.001,0.0,0.17969999999999997,0.0814,0.3429,0.101,0.0
2020-09-16,0.44049999999999995,0.3003,0.1776,0.0026,0.0038,0.0,0.001,0.0,0.192,0.0814,0.3628,0.1077,0.0
2020-09-17,0.4442,0.3151,0.17109999999999997,0.0026,0.0038,0.0,0.001,0.0,0.2029,0.06889999999999999,0.3992,0.10439999999999999,0.0
2020-09-18,0.4313,0.3264,0.1936,0.0026,0.005699999999999999,0.0,0.001,0.0,0.22010000000000002,0.0626,0.4124,0.11710000000000001,0.0
2020-09-19,0.4313,0.3264,0.19140000000000001,0.0026,0.0038,0.0,0.001,0.0,0.2363,0.0626,0.4418,0.12220000000000002,0.0
2020-09-20,0.4313,0.3264,0.1907,0.0026,0.0038,0.0,0.001,0.0,0.2503,0.0626,0.4717,0.1324,0.0
2020-09-21,0.5122,0.3975,0.1958,0.0051,0.0038,0.0,0.0,0.0,0.2791,0.0376,0.5149,0.129,0.0
2020-09-22,0.40619999999999995,0.3328,0.2052,0.0051,0.0038,0.0,0.001,0.0,0.2861,0.025099999999999997,0.5529,0.1315,0.0
2020-09-23,0.41630000000000006,0.331,0.224,0.0063999999999999994,0.0038,0.0,0.001,0.0,0.2988,0.0188,0.5869,0.1357,0.0
2020-09-24,0.4265,0.3328,0.2414,0.007700000000000001,0.0038,0.0,0.001,0.0,0.315,0.0188,0.6328,0.1349,0.0
2020-09-25,0.43600000000000005,0.32619999999999993,0.26899999999999996,0.009000000000000001,0.0038,0.0,0.001,0.0,0.3283,0.0188,0.6816,0.134,0.0
2020-09-26,0.43600000000000005,0.32619999999999993,0.3038,0.009000000000000001,0.0019,0.0,0.001,0.0,0.3421,0.0188,0.7345,0.1307,0.0
2020-09-27,0.43600000000000005,0.32619999999999993,0.32770000000000005,0.009000000000000001,0.0038,0.0,0.001,0.0,0.3615,0.0188,0.8065,0.129,0.0
2020-09-28,0.43329999999999996,0.3165,0.3408,0.007700000000000001,0.0038,0.0,0.001,0.0,0.3878,0.0188,0.8616999999999999,0.13660000000000003,0.0
2020-09-29,0.4414,0.318,0.3531,0.007700000000000001,0.0038,0.0,0.001,0.0,0.40840000000000004,0.0125,0.9208999999999999,0.134,0.0
2020-09-30,0.4374,0.3186,0.3654,0.007700000000000001,0.005699999999999999,0.0,0.002,0.0,0.42939999999999995,0.0125,0.9832999999999998,0.1374,0.0
2020-10-01,0.4435,0.3025,0.3835,0.007700000000000001,0.007700000000000001,0.0,0.002,0.0,0.446,0.0125,1.0338999999999998,0.1442,0.0
2020-10-02,0.44689999999999996,0.299,0.3857,0.007700000000000001,0.005699999999999999,0.0,0.0031,0.0,0.4685,0.0125,1.1219,0.1391,0.0
2020-10-03,0.44689999999999996,0.299,0.39880000000000004,0.009000000000000001,0.007700000000000001,0.0,0.0031,0.0,0.4852,0.0125,1.2012,0.1417,0.0
2020-10-04,0.44689999999999996,0.299,0.4017,0.009000000000000001,0.0096,0.0,0.0031,0.0,0.49879999999999997,0.025099999999999997,1.2731999999999999,0.129,0.0
2020-10-05,0.49659999999999993,0.29739999999999994,0.4227,0.009000000000000001,0.0096,0.0,0.0031,0.0,0.5117,0.025099999999999997,1.3437,0.1307,0.0
2020-10-06,0.5251,0.2986,0.44520000000000004,0.011499999999999998,0.0096,0.0,0.002,0.0,0.5165000000000001,0.025099999999999997,1.4458000000000002,0.1357,0.0
2020-10-07,0.5251,0.3032,0.43789999999999996,0.032,0.0096,0.0,0.002,0.0,0.5333,0.0188,1.4958,0.1391,0.0
2020-10-08,0.5717,0.2959,0.4589,0.0333,0.0096,0.0,0.002,0.0,0.5597,0.0188,1.5537,0.1502,0.0
2020-10-09,0.5997,0.29989999999999994,0.4814,0.048600000000000004,0.0134,0.0,0.002,0.0,0.5956,0.0188,1.6079,0.1595,0.0
2020-10-10,0.5997,0.29989999999999994,0.5039,0.0742,0.0192,0.0,0.0051,0.0,0.621,0.0188,1.6543999999999999,0.1739,0.0
2020-10-11,0.5997,0.29989999999999994,0.5061,0.0921,0.0172,0.0,0.0051,0.0,0.6317,0.0313,1.6598,0.18159999999999998,0.0
2020-10-12,0.5079,0.24810000000000001,0.5336,0.0998,0.0192,0.0,0.0051,0.0,0.5842,0.0313,1.6705999999999999,0.2104,0.0
2020-10-13,0.6891,0.3343,0.5989,0.1075,0.0192,0.0,0.0051,0.0,0.652,0.025099999999999997,1.6724999999999999,0.23329999999999998,0.0
2020-10-14,0.7094,0.3407,0.6756999999999999,0.1177,0.0172,0.0,0.0040999999999999995,0.0,0.6584999999999999,0.025099999999999997,1.7151,0.2426,0.0
2020-10-15,0.7255,0.3524,0.7751,0.1177,0.0172,0.0,0.0040999999999999995,0.0,0.6751999999999999,0.025099999999999997,1.7193,0.25880000000000003,0.0
2020-10-16,0.7729999999999999,0.35119999999999996,0.7982999999999999,0.1241,0.022999999999999996,0.0,0.0040999999999999995,0.0,0.6738,0.025099999999999997,1.7196000000000002,0.27999999999999997,0.0
2020-10-17,0.7729999999999999,0.35119999999999996,0.8338,0.1331,0.021099999999999997,0.0,0.0061,0.0,0.6840999999999999,0.025099999999999997,1.7397,0.2986,0.0
2020-10-18,0.7729999999999999,0.35119999999999996,0.8425,0.1395,0.0192,0.0,0.008199999999999999,0.0,0.6904000000000001,0.0125,1.7413999999999998,0.3148,0.0
2020-10-19,0.8453,0.3784,0.8634999999999999,0.1408,0.0192,0.0,0.008199999999999999,0.0,0.6964,0.0125,1.7236,0.36310000000000003,0.047599999999999996
2020-10-20,0.856,0.391,0.9027,0.1382,0.0192,0.0,0.008199999999999999,0.0,0.7149,0.0188,1.6562999999999999,0.386,0.047599999999999996
2020-10-21,0.9154,0.4081,0.9773,0.1241,0.0192,0.0664,0.008199999999999999,0.0,0.7290000000000001,0.0188,1.6763999999999997,0.42590000000000006,0.047599999999999996
2020-10-22,0.9297,0.44,1.0361,0.1241,0.021099999999999997,0.0664,0.008199999999999999,0.0,0.732,0.0188,1.6711000000000003,0.4632,0.047599999999999996
2020-10-23,0.9647,0.4602,1.0926,0.11,0.0172,0.0886,0.008199999999999999,0.0,0.7243,0.0188,1.6481,0.4726,0.047599999999999996
2020-10-24,0.9647,0.4602,1.1339,0.08699999999999998,0.0134,0.0886,0.008199999999999999,0.0,0.7358,0.0188,1.6379,0.5099,0.1189
2020-10-25,0.9647,0.4602,1.2115,0.0717,0.0153,0.0886,0.008199999999999999,0.0,0.7625000000000001,0.0063,1.6305000000000003,0.5404,0.1189
2020-10-26,1.2975999999999999,0.6189,1.2282,0.06780000000000001,0.0153,0.0886,0.0092,0.0,0.8202,0.0063,1.6263999999999998,0.5455,0.16649999999999998
2020-10-27,1.1757,0.5543999999999999,1.271,0.064,0.0153,0.0886,0.0102,0.0,0.7709,0.0063,1.6437000000000002,0.5659000000000001,0.16649999999999998
2020-10-28,1.2135,0.5795,1.2875999999999999,0.0576,0.0153,0.0886,0.0102,0.0,0.7786,0.0063,1.6117,0.6015,0.16649999999999998
2020-10-29,1.2662,0.5974,1.3021,0.06269999999999999,0.0134,0.1107,0.0102,0.0,0.7889,0.0063,1.6189,0.6431000000000001,0.19019999999999998
2020-10-30,1.3318,0.6201,1.5958,0.0576,0.007700000000000001,0.1107,0.011200000000000002,0.0,0.8012999999999999,0.0063,1.625,0.6753,0.19019999999999998
2020-10-31,1.4632,0.6885,1.7872000000000001,0.048600000000000004,0.007700000000000001,0.1107,0.014299999999999998,0.0,0.8156,0.0063,1.6,0.711,0.19019999999999998
2020-11-01,1.5819,0.764,1.9808000000000001,0.04349999999999999,0.007700000000000001,0.1107,0.014299999999999998,0.0,0.8371999999999999,0.0063,1.5849000000000002,0.7534,0.19019999999999998
2020-11-02,1.5127000000000002,0.7409000000000001,2.0975,0.039700000000000006,0.007700000000000001,0.1107,0.0163,0.0,0.8537999999999999,0.0063,1.5848,0.7602,0.1427
2020-11-03,1.5686,0.7666,2.0924,0.039700000000000006,0.007700000000000001,0.1107,0.0174,0.0,0.8693000000000001,0.0,1.5946,0.7924,0.1427
2020-11-04,1.5932,0.7921999999999999,2.2657,0.035800000000000005,0.0096,0.0443,0.021400000000000002,0.0,0.8826999999999999,0.0,1.5896000000000001,0.7736999999999999,0.1427
2020-11-05,1.678,0.8215000000000001,2.468,0.0346,0.011499999999999998,0.0443,0.022500000000000003,0.0,0.8934000000000001,0.0,1.6018000000000001,0.8297,0.1427
2020-11-06,1.7180000000000002,0.8926000000000001,2.5260000000000002,0.0333,0.011499999999999998,0.022099999999999998,0.0245,0.025400000000000002,0.9054000000000001,0.0125,1.6284,0.8756,0.1427
2020-11-07,1.9259000000000002,1.0028000000000001,2.6108,0.0346,0.0134,0.022099999999999998,0.0255,0.025400000000000002,0.9158000000000001,0.0125,1.6547,0.9068999999999999,0.0713
2020-11-08,2.0902999999999996,1.1069,2.8138,0.0333,0.0134,0.022099999999999998,0.028599999999999997,0.050800000000000005,0.9353,0.0125,1.7151,0.9909000000000001,0.0713
2020-11-09,1.9058,1.0379,3.0060000000000002,0.0307,0.011499999999999998,0.022099999999999998,0.028599999999999997,0.050800000000000005,0.9618000000000001,0.0125,1.7572,1.1062999999999998,0.023799999999999998
2020-11-10,1.9716,1.0977999999999999,3.1510000000000002,0.0269,0.011499999999999998,0.022099999999999998,0.0306,0.050800000000000005,0.9999,0.0188,1.7804,1.1649,0.023799999999999998
2020-11-11,2.0308,1.1459000000000001,3.3402,0.022999999999999996,0.0134,0.0443,0.0327,0.07619999999999999,1.0399999999999998,0.025099999999999997,1.8327,1.203,0.023799999999999998
2020-11-12,2.1174000000000004,1.2159,3.5439,0.0192,0.0134,0.022099999999999998,0.0327,0.07619999999999999,1.0835000000000001,0.025099999999999997,1.8718000000000001,1.2276,0.023799999999999998
2020-11-13,2.1819,1.2829,3.5106,0.020499999999999997,0.0153,0.1107,0.0327,0.10160000000000001,1.1175,0.025099999999999997,1.8943,1.2276,0.023799999999999998
2020-11-14,2.2824999999999998,1.3416,3.4294,0.0269,0.0192,0.1107,0.0337,0.10160000000000001,1.1559000000000001,0.025099999999999997,1.9391,1.4219,0.023799999999999998
2020-11-15,2.3879,1.3940000000000001,3.5620000000000003,0.0294,0.022999999999999996,0.1107,0.0337,0.45740000000000003,1.1743000000000001,0.025099999999999997,1.9678,1.5127000000000002,0.023799999999999998
2020-11-16,2.4485,1.4459,3.6715,0.039700000000000006,0.022999999999999996,0.1107,0.0337,0.6607,1.2109,0.025099999999999997,1.9889000000000001,1.6035,0.023799999999999998
2020-11-17,2.4943999999999997,1.5271,3.7925999999999997,0.044800000000000006,0.0268,0.1107,0.0378,1.5247,1.2244000000000002,0.025099999999999997,2.0018000000000002,1.7384,0.047599999999999996
2020-11-18,2.543,1.6098,3.8106999999999998,0.052500000000000005,0.0287,0.1107,0.0368,1.7788,1.2535999999999998,0.025099999999999997,2.0193,1.8197999999999999,0.047599999999999996
2020-11-19,2.6116000000000006,1.6314,3.8463,0.055,0.0268,0.1107,0.0368,1.8803999999999998,1.268,0.025099999999999997,2.0274,1.7944,0.0713
2020-11-20,2.735,1.6172,3.9876,0.0653,0.0326,0.1107,0.039799999999999995,2.1091,1.2961,0.0125,2.0421000000000005,1.8503999999999998,0.1427
2020-11-21,2.8293,1.6456000000000002,4.071,0.0909,0.0383,0.1107,0.043899999999999995,2.7444,1.3271000000000002,0.0125,2.0368,2.1202,0.1427
2020-11-22,3.0231999999999997,1.6631,3.9252999999999996,0.09730000000000001,0.0421,0.1107,0.0521,3.2526,1.341,0.0125,2.0084999999999997,2.1854999999999998,0.214
2020-11-23,3.2251,1.6887,4.0543000000000005,0.1152,0.04599999999999999,0.1107,0.06230000000000001,3.3543000000000003,1.3646,0.0188,2.0079,2.2237,0.3567
2020-11-24,3.3160000000000003,1.7694999999999999,4.1181,0.1216,0.049800000000000004,0.1107,0.097,3.6084,1.3388999999999998,0.0125,2.0035000000000003,2.2644,0.3567
2020-11-25,3.4501,1.8090000000000002,4.0594,0.12539999999999998,0.049800000000000004,0.0886,0.11130000000000001,3.8625000000000003,1.3353,0.0125,1.9710999999999999,2.3085,0.3805
2020-11-26,3.4992,1.8659,3.992,0.1395,0.0555,0.0886,0.12560000000000002,3.8625000000000003,1.3287000000000002,0.0125,1.9825999999999997,2.4816000000000003,0.3567
2020-11-27,3.5716,1.923,3.9267,0.15230000000000002,0.0613,0.0,0.1327,3.9387,1.3598,0.0125,1.9789,2.6962,0.428
2020-11-28,3.7310000000000003,1.9416,4.1073,0.1497,0.0613,0.0,0.1409,4.065799999999999,1.3761999999999999,0.025099999999999997,1.9825999999999997,2.6029,0.4994
2020-11-29,3.8705000000000003,2.0094000000000003,4.0137,0.1638,0.06509999999999999,0.0,0.14909999999999998,4.0404,1.4074,0.025099999999999997,2.0040999999999998,2.7470999999999997,0.4994
2020-11-30,4.0680000000000005,1.9997,3.9775,0.1612,0.067,0.0,0.1624,3.9387,1.425,0.025099999999999997,2.0175,2.8693,0.5469
2020-12-01,4.1887,1.9879,3.9869,0.16510000000000002,0.06509999999999999,0.0,0.1675,3.1001,1.4561000000000002,0.025099999999999997,2.0402000000000005,2.8193,0.5232
2020-12-02,4.4047,2.0021,3.8985,0.1612,0.0632,0.0,0.1818,3.1256,1.4768999999999999,0.025099999999999997,2.0793,2.9092000000000002,0.5707000000000001
2020-12-03,4.5741000000000005,2.0326,3.8202,0.1638,0.0613,0.0,0.192,3.1510000000000002,1.5185,0.0313,2.11,3.0475,0.5707000000000001
2020-12-04,4.7263,2.0704000000000002,3.7339,0.1625,0.0613,0.0,0.2022,3.1001,1.5431,0.0313,2.12,3.1577999999999995,0.5232
2020-12-05,4.8491,2.0576,3.7114,0.13560000000000003,0.05940000000000001,0.0,0.2001,2.6682,1.5614999999999999,0.0501,2.2182,2.9625999999999997,0.5945
2020-12-06,4.9061,2.077,3.8151,0.1331,0.0613,0.0,0.193,2.1853,1.5880000000000003,0.0752,2.2807999999999997,3.1094,0.5232
2020-12-07,4.9481,2.0873,3.657,0.1164,0.0575,0.0,0.18989999999999999,2.1599000000000004,1.6108000000000002,0.09400000000000001,2.3289999999999997,3.1416,0.3805
2020-12-08,5.0865,2.0145,3.4932000000000003,0.1164,0.0555,0.0,0.1593,1.9312,1.656,0.09400000000000001,2.3803,3.1500999999999997,0.4756
2020-12-09,5.130599999999999,1.9913999999999998,3.4424,0.1139,0.0555,0.0,0.14909999999999998,1.8803999999999998,1.6911,0.08769999999999999,2.4535,3.2672000000000003,0.4518
2020-12-10,5.2412,1.9594999999999998,3.3779,0.10369999999999999,0.051699999999999996,0.0,0.13890000000000002,1.8803999999999998,1.7254,0.08769999999999999,2.4976,3.2748,0.4518
2020-12-11,5.356799999999999,1.9257,3.4511000000000003,0.09849999999999999,0.04599999999999999,0.1107,0.13890000000000002,2.1853,1.7249,0.08769999999999999,2.5494,3.2087,0.3805
2020-12-12,5.3249,1.9156,3.3583,0.0947,0.0479,0.13290000000000002,0.1317,2.1091,1.7284,0.1065,2.5981,3.2739999999999996,0.3091
2020-12-13,5.3495,1.8536000000000001,3.2916000000000003,0.07930000000000001,0.04019999999999999,0.13290000000000002,0.1276,1.7788,1.7263000000000002,0.1065,2.668,3.1645999999999996,0.3091
2020-12-14,5.3844,1.8853,3.2184,0.07289999999999999,0.04019999999999999,0.13290000000000002,0.1174,1.9058,1.7393999999999998,0.1065,2.7015,3.1152999999999995,0.2854
2020-12-15,5.3921,1.8589,3.2104000000000004,0.0653,0.0383,0.155,0.1133,1.9312,1.778,0.1065,2.7673000000000005,3.1264,0.2854
2020-12-16,5.2982000000000005,1.8212,3.2206,0.06780000000000001,0.04599999999999999,0.155,0.1001,1.6517,1.8062,0.1065,2.8119,3.0627,0.2378
2020-12-17,5.2341999999999995,1.8173,3.1147,0.06780000000000001,0.051699999999999996,0.1771,0.095,1.5501,1.8475,0.1065,2.8568000000000002,3.0431999999999997,0.214
2020-12-18,5.1404,1.8004,3.1379,0.0576,0.0555,0.1993,0.0858,1.3468,1.8821,0.1065,2.9067000000000003,3.011,0.19019999999999998
2020-12-19,5.0212,1.8014,3.0502,0.0563,0.0632,0.1993,0.0807,1.1435,1.9159000000000002,0.09400000000000001,2.9076,3.0526,0.1189
2020-12-20,4.8968,1.7548,2.9385000000000003,0.051199999999999996,0.05940000000000001,0.1993,0.0786,1.0927,1.9425,0.06889999999999999,2.9606,2.8973000000000004,0.1189
2020-12-21,4.784800000000001,1.7318000000000002,2.8232,0.053700000000000005,0.05940000000000001,0.1993,0.0725,1.0927,1.9559999999999997,0.043899999999999995,3.0225,2.8405,0.1189
2020-12-22,4.6251999999999995,1.7078999999999998,2.758,0.0499,0.05940000000000001,0.1993,0.0725,1.0673,1.9916999999999998,0.043899999999999995,3.0947,2.8379000000000003,0.023799999999999998
2020-12-23,4.5892,1.6881000000000002,2.7014,0.055,0.05940000000000001,0.1993,0.0705,0.8894,2.0268,0.043899999999999995,3.1552999999999995,2.7166000000000006,0.023799999999999998
2020-12-24,4.4628,1.6607,2.6658999999999997,0.052500000000000005,0.0575,0.1993,0.0735,0.9148000000000001,2.0583000000000005,0.0626,3.2144,2.5724000000000005,0.047599999999999996
2020-12-25,4.3391,1.617,2.3433,0.04349999999999999,0.0555,0.0886,0.0643,0.5082,2.0793999999999997,0.0626,3.0145999999999997,2.5537,0.047599999999999996
2020-12-26,4.1862,1.5683,2.0837,0.044800000000000006,0.049800000000000004,0.0664,0.057199999999999994,0.45740000000000003,2.0977,0.0313,3.3171,2.4332,0.047599999999999996
2020-12-27,3.9017,1.5168,2.2635,0.044800000000000006,0.0555,0.0664,0.0511,0.45740000000000003,2.1199,0.0313,3.3518000000000003,2.4129,0.047599999999999996
2020-12-28,3.6824000000000003,1.4549999999999998,2.1664,0.044800000000000006,0.0575,0.0664,0.0592,0.2541,2.1199,0.0313,3.4282,2.2661000000000002,0.023799999999999998
2020-12-29,3.5763000000000003,1.4282,2.0663,0.0461,0.05940000000000001,0.0443,0.055099999999999996,0.20329999999999998,2.1387,0.043899999999999995,3.5028,2.1982,0.023799999999999998
2020-12-30,3.5802,1.3981,1.9481,0.0371,0.049800000000000004,0.0443,0.0541,0.20329999999999998,2.1919,0.043899999999999995,3.5744000000000002,2.1779,0.023799999999999998
2020-12-31,3.4962999999999997,1.4014,1.9234999999999998,0.0333,0.0441,0.022099999999999998,0.0511,0.17789999999999997,2.2527000000000004,0.0376,3.6868,2.1371,0.023799999999999998
2021-01-01,3.4904,1.3899000000000001,1.6697000000000002,0.035800000000000005,0.0345,0.0,0.05620000000000001,0.17789999999999997,2.2654,0.0376,3.8075,2.1711,0.1189
2021-01-02,3.3956,1.3812,1.7371999999999999,0.0473,0.0192,0.0,0.057199999999999994,0.17789999999999997,2.3336000000000006,0.0313,3.8015,2.1354,0.1189
2021-01-03,3.2086,1.3838999999999997,1.6436,0.0563,0.0153,0.0,0.057199999999999994,0.17789999999999997,2.3776,0.0313,3.8858,2.1439,0.1189
2021-01-04,3.1833,1.3859000000000001,1.6087999999999998,0.07289999999999999,0.0172,0.0,0.0592,0.10160000000000001,2.4555000000000002,0.0313,3.9369,2.2125999999999997,0.1427
2021-01-05,3.143,1.3828999999999998,1.5907,0.10490000000000001,0.0172,0.0,0.055099999999999996,0.10160000000000001,2.5336,0.0376,3.9748000000000006,2.188,0.1427
2021-01-06,3.1028,1.4038999999999997,1.561,0.1382,0.0153,0.0,0.06330000000000001,0.050800000000000005,2.6071,0.0626,4.020700000000001,2.2941,0.16649999999999998
2021-01-07,3.0938999999999997,1.4387,1.5349000000000002,0.1664,0.0153,0.0,0.0592,0.025400000000000002,2.6799000000000004,0.0501,4.0406,2.4477,0.214
2021-01-08,3.0921,1.4591,1.6958000000000002,0.1881,0.0153,0.0,0.0613,0.025400000000000002,2.7912000000000003,0.0501,4.3424,2.5384,0.2378
2021-01-09,3.1091,1.4768000000000001,1.843,0.2239,0.0153,0.0,0.0643,0.025400000000000002,2.8794999999999997,0.0501,4.183199999999999,2.7081000000000004,0.2378
2021-01-10,3.1887,1.4929,1.5748,0.23929999999999998,0.011499999999999998,0.0,0.0643,0.025400000000000002,3.0111,0.0501,4.2177999999999995,2.8005999999999998,0.2378
2021-01-11,3.1258,1.4908000000000001,1.5922,0.26489999999999997,0.007700000000000001,0.0,0.05620000000000001,0.0,3.1061,0.0501,4.1705,3.0704000000000002,0.2378
2021-01-12,3.0761,1.5031999999999999,1.5603,0.2841,0.005699999999999999,0.0,0.055099999999999996,0.0,3.1298000000000004,0.043899999999999995,4.1183000000000005,3.1841,0.2378
2021-01-13,2.9829000000000003,1.5098,1.5806,0.3071,0.005699999999999999,0.0,0.06019999999999999,0.0,3.1324,0.043899999999999995,4.067,3.2765,0.2378
2021-01-14,2.9302,1.4799000000000002,1.6341999999999999,0.3327,0.007700000000000001,0.0,0.06330000000000001,0.0,3.1323000000000003,0.0501,3.9869,3.3800000000000003,0.2378
2021-01-15,2.7941000000000003,1.469,1.7705000000000002,0.36210000000000003,0.0096,0.022099999999999998,0.0541,0.0,3.1677,0.0501,3.8831,3.4623000000000004,0.1427
2021-01-16,2.7451999999999996,1.4645,1.6647,0.3839,0.0096,0.022099999999999998,0.05620000000000001,0.0,3.1468999999999996,0.0501,3.9110000000000005,3.5132,0.1427
2021-01-17,2.811,1.4538,1.7292,0.421,0.011499999999999998,0.0886,0.057199999999999994,0.0,3.1780000000000004,0.0501,3.8031,3.5564999999999998,0.1427
2021-01-18,2.6631,1.4076,1.7292,0.4325,0.0096,0.0886,0.053099999999999994,0.0,3.1310000000000002,0.0752,3.6734,3.5591000000000004,0.1189
2021-01-19,2.5756,1.4147999999999998,1.7154,0.43759999999999993,0.007700000000000001,0.13290000000000002,0.0541,0.0,3.0332999999999997,0.0814,3.5425999999999997,3.6914000000000002,0.1189
2021-01-20,2.4729,1.3905,1.7103000000000002,0.42479999999999996,0.007700000000000001,0.13290000000000002,0.0449,0.0,2.9765,0.0564,3.4097000000000004,3.6549,0.09509999999999999
2021-01-21,2.4072999999999998,1.3522999999999998,1.7024000000000001,0.4351,0.0096,0.155,0.0429,0.0,2.9163,0.0501,3.3054,3.5625,0.023799999999999998
2021-01-22,2.2852,1.3311000000000002,1.6653999999999998,0.4504,0.011499999999999998,0.155,0.045899999999999996,0.025400000000000002,2.8391,0.0501,3.1936999999999998,3.5362,0.0
2021-01-23,2.1912,1.3288999999999997,1.6747999999999998,0.4338,0.011499999999999998,0.155,0.0429,0.025400000000000002,2.7656,0.0501,3.0256,3.4869,0.0
2021-01-24,2.1125,1.3219,1.7256,0.4415,0.0096,0.155,0.043899999999999995,0.35579999999999995,2.6619,0.0501,2.8937,3.4471,0.0
2021-01-25,2.1357,1.3056,1.7125000000000001,0.44920000000000004,0.0096,0.155,0.0388,0.40659999999999996,2.5682,0.0501,2.8160000000000003,3.3003,0.0
2021-01-26,2.0711000000000004,1.2978999999999998,1.7147,0.44020000000000004,0.0096,0.155,0.0388,0.40659999999999996,2.4893,0.043899999999999995,2.7264,3.285,0.0
2021-01-27,1.977,1.2913,1.6697000000000002,0.4338,0.0134,0.155,0.0347,0.40659999999999996,2.4016999999999995,0.043899999999999995,2.6398,3.201,0.0
2021-01-28,1.8625999999999998,1.2932,1.5762,0.4389,0.0192,0.155,0.028599999999999997,0.43200000000000005,2.318,0.043899999999999995,2.5507,3.1433,0.0
2021-01-29,1.8078,1.2942,1.5501,0.42740000000000006,0.024900000000000002,0.13290000000000002,0.027599999999999996,0.43200000000000005,2.2392,0.043899999999999995,2.478,3.0975,0.0
2021-01-30,1.7323,1.26,1.5399999999999998,0.4082,0.024900000000000002,0.13290000000000002,0.0265,0.45740000000000003,2.1718,0.043899999999999995,2.378,3.0889999999999995,0.0
2021-01-31,1.6669,1.2654,1.4885,0.39540000000000003,0.022999999999999996,0.0664,0.023500000000000004,0.7115000000000001,2.0649,0.043899999999999995,2.2939,3.0475,0.0
2021-02-01,1.64,1.2608000000000001,1.4659999999999997,0.3724,0.022999999999999996,0.0664,0.0245,0.7115000000000001,2.0236,0.0313,2.2304,2.9261999999999997,0.0
2021-02-02,1.5975,1.2538,1.445,0.36340000000000006,0.022999999999999996,0.0443,0.021400000000000002,0.7115000000000001,1.9443000000000001,0.0188,2.1916,2.8549,0.0
2021-02-03,1.5048,1.2370999999999999,1.4246999999999999,0.35450000000000004,0.0268,0.0443,0.0194,0.7115000000000001,1.8437,0.0188,2.1391999999999998,2.815,0.0
2021-02-04,1.4831,1.2178,1.3622999999999998,0.33399999999999996,0.0268,0.022099999999999998,0.0194,0.7623000000000001,1.7711000000000001,0.0188,2.0772999999999997,2.8354,0.0
2021-02-05,1.4272,1.2106000000000001,1.3181,0.30460000000000004,0.0268,0.022099999999999998,0.014299999999999998,0.7369,1.7038,0.0188,2.0155,2.8023000000000002,0.0
2021-02-06,1.3763,1.1914,1.2195,0.29819999999999997,0.0326,0.022099999999999998,0.014299999999999998,0.8131999999999999,1.6379,0.0188,1.9594,2.7929999999999997,0.0
2021-02-07,1.351,1.1902,1.1165,0.28150000000000003,0.0345,0.022099999999999998,0.014299999999999998,0.4828,1.5749000000000002,0.0188,1.9155000000000002,2.7369999999999997,0.0
2021-02-08,1.244,1.1897,1.0723,0.2495,0.0555,0.022099999999999998,0.0153,0.43200000000000005,1.5279,0.0188,1.8747,2.6793,0.0
2021-02-09,1.2054,1.1953,1.0571,0.25589999999999996,0.113,0.0443,0.0153,0.43200000000000005,1.4792,0.025099999999999997,1.8351,2.552,0.0
2021-02-10,1.1782,1.1922,1.0303,0.25589999999999996,0.2107,0.0664,0.012299999999999998,0.45740000000000003,1.4386,0.025099999999999997,1.7955000000000003,2.5868,0.0
2021-02-11,1.1534,1.1733,0.9998000000000001,0.2239,0.3946,0.155,0.014299999999999998,0.5082,1.3606999999999998,0.0188,1.7667,2.4765,0.0
2021-02-12,1.1016,1.1599,0.9483,0.20989999999999998,0.4827,0.155,0.013300000000000001,0.5082,1.309,0.0188,1.7305000000000001,2.3577,0.0
2021-02-13,1.0839,1.1685,0.8998,0.215,0.5325,0.155,0.012299999999999998,0.6099,1.2572,0.0188,1.6934,2.3441,0.023799999999999998
2021-02-14,1.0439,1.1602999999999999,0.8708,0.18430000000000002,0.5535000000000001,0.155,0.013300000000000001,0.43200000000000005,1.1984000000000001,0.0188,1.6569,2.2788,0.023799999999999998
2021-02-15,1.0204,1.1741,0.8592000000000001,0.1753,0.5669,0.155,0.013300000000000001,0.6099,1.1302,0.0063,1.6380000000000001,2.2754,0.047599999999999996
2021-02-16,1.0193,1.1494,0.8685999999999999,0.1484,0.5803,0.13290000000000002,0.0153,0.7369,1.1409999999999998,0.0063,1.5932,2.1999000000000004,0.047599999999999996
2021-02-17,1.0233,1.1520000000000001,0.8323,0.1344,0.6608,0.2214,0.0174,0.7623000000000001,1.1189,0.0063,1.5637,2.1405,0.047599999999999996
2021-02-18,0.9856000000000001,1.1815,0.8519,0.11900000000000001,0.7508,0.2214,0.0184,0.8640000000000001,1.0833,0.0125,1.5412,2.0523,0.047599999999999996
2021-02-19,0.9695,1.1887,0.8389,0.1177,0.8638,0.2214,0.0204,0.9148000000000001,1.0479999999999998,0.0125,1.5061000000000002,1.9505000000000001,0.047599999999999996
2021-02-20,0.9767,1.2034,0.8490000000000001,0.10619999999999999,0.9309000000000001,0.2214,0.0245,0.9909999999999999,1.0371,0.0125,1.4553,1.8911000000000002,0.047599999999999996
2021-02-21,0.9715,1.2054,0.8331000000000001,0.1011,0.9768000000000001,0.2214,0.0245,1.0164,1.0098,0.0125,1.4069999999999998,1.8809,0.047599999999999996
2021-02-22,0.9724,1.226,0.8598999999999999,0.0998,0.9806000000000001,0.2214,0.0245,1.3214,0.9958,0.0125,1.4014,1.886,0.047599999999999996
2021-02-23,0.9887000000000001,1.2570999999999999,0.8592000000000001,0.0806,0.9519,0.1993,0.0265,1.3214,0.9925999999999999,0.0063,1.3912,1.925,0.047599999999999996
2021-02-24,1.0093,1.2615,0.8482999999999999,0.0653,0.8656999999999999,0.1771,0.028599999999999997,1.2959999999999998,0.9914,0.0188,1.3699000000000001,1.8130000000000002,0.047599999999999996
2021-02-25,1.0202,1.2582,0.8338,0.064,0.6933,0.0886,0.0347,1.3214,1.0045,0.0376,1.3391999999999997,1.8953,0.047599999999999996
2021-02-26,1.0296999999999998,1.2802,0.82,0.058899999999999994,0.6052000000000001,0.0886,0.0449,1.3468,1.0168,0.043899999999999995,1.3195,1.8656,0.047599999999999996
2021-02-27,1.0545,1.3029,0.8135,0.0409,0.5630999999999999,0.0886,0.04700000000000001,1.2197,1.0090000000000001,0.0814,1.2972000000000001,1.7961,0.023799999999999998
2021-02-28,1.0584000000000002,1.3251,0.7932,0.0384,0.5553999999999999,0.0886,0.049,1.1689,1.0145,0.1128,1.277,1.7791000000000001,0.023799999999999998
2021-03-01,1.0674000000000001,1.3497,0.7670999999999999,0.0384,0.5458999999999999,0.0886,0.049,1.0164,1.0185,0.1128,1.2635999999999998,1.7884000000000002,0.0
2021-03-02,1.0661,1.3761,0.7388,0.039700000000000006,0.542,0.0886,0.04700000000000001,0.9148000000000001,1.0227,0.13779999999999998,1.2542,1.7893,0.0
2021-03-03,1.0943,1.3985,0.7206999999999999,0.039700000000000006,0.46349999999999997,0.0,0.04700000000000001,0.8894,1.0303,0.1441,1.2459,1.7866999999999997,0.0
2021-03-04,1.0753,1.3882,0.6583,0.0409,0.3812,0.0,0.048,0.9909999999999999,1.0273,0.1441,1.2234,1.7994999999999999,0.0
2021-03-05,1.0948,1.4127,0.6264000000000001,0.0384,0.2681,0.0,0.048,1.0418999999999998,1.0341,0.1504,1.2232,1.8538,0.0
2021-03-06,1.0859999999999999,1.4205999999999999,0.609,0.042199999999999994,0.19920000000000002,0.0,0.05,0.9909999999999999,1.0179,0.1504,1.2207999999999999,1.8283000000000003,0.0
2021-03-07,1.0804999999999998,1.4317,0.6083,0.0409,0.1532,0.0,0.0511,1.0673,1.0323,0.1629,1.2256,1.7722999999999998,0.0
2021-03-08,1.0817,1.4193,0.5865,0.044800000000000006,0.1341,0.0,0.05,0.7623000000000001,1.0712,0.17539999999999997,1.1992,1.7036000000000002,0.0
2021-03-09,1.0790000000000002,1.4105,0.5793,0.0461,0.1073,0.0,0.0521,0.7623000000000001,1.0854000000000001,0.17539999999999997,1.1889,1.6925999999999999,0.0
2021-03-10,1.0719,1.4181000000000001,0.6024999999999999,0.04349999999999999,0.0919,0.0,0.05,0.7623000000000001,1.1032,0.1629,1.1872,1.7374999999999998,0.0
2021-03-11,1.064,1.4446999999999999,0.6177,0.044800000000000006,0.0747,0.0,0.0419,0.6607,1.1001,0.1441,1.1731999999999998,1.6985,0.0
2021-03-12,1.0796000000000001,1.4622000000000002,0.6424,0.0473,0.069,0.0,0.0317,0.6353,1.1078,0.13779999999999998,1.1643999999999999,1.7180000000000002,0.0
2021-03-13,1.093,1.4594999999999998,0.6453,0.044800000000000006,0.0613,0.0,0.0317,0.6861,1.127,0.1002,1.1562999999999999,1.7104,0.0
2021-03-14,1.1126,1.449,0.6409,0.051199999999999996,0.0479,0.0,0.0296,0.6607,1.1734999999999998,0.06889999999999999,1.149,1.6714,0.0
2021-03-15,1.1292,1.4461000000000002,0.6510999999999999,0.051199999999999996,0.0441,0.0,0.028599999999999997,0.6353,1.1901000000000002,0.06889999999999999,1.1468,1.6340000000000001,0.0
2021-03-16,1.1512999999999998,1.469,0.6888,0.052500000000000005,0.0364,0.0,0.0296,0.6099,1.1974,0.0501,1.1436,1.6501,0.0
2021-03-17,1.1686999999999999,1.4605000000000001,0.7206999999999999,0.0499,0.0306,0.0,0.028599999999999997,0.9148000000000001,1.2348000000000001,0.043899999999999995,1.1406,1.6213,0.0
2021-03-18,1.2081,1.4716999999999998,0.7496999999999999,0.052500000000000005,0.022999999999999996,0.0,0.028599999999999997,0.6607,1.2727,0.0376,1.14,1.5822999999999998,0.0
2021-03-19,1.2725,1.4916999999999998,0.7794,0.0499,0.021099999999999997,0.0,0.0296,0.559,1.3063,0.0564,1.136,1.5516999999999999,0.0
2021-03-20,1.3212,1.4938999999999998,0.7932,0.0461,0.0172,0.0,0.0255,0.45740000000000003,1.3632,0.0564,1.1390999999999998,1.5831,0.0
2021-03-21,1.3779,1.5067,0.8170999999999999,0.044800000000000006,0.0153,0.0,0.0296,0.35579999999999995,1.3966,0.043899999999999995,1.1322,1.6357,0.0
2021-03-22,1.4182,1.5545,0.8186,0.0499,0.0096,0.0,0.0317,0.35579999999999995,1.4012,0.043899999999999995,1.1477,1.7274,0.0
2021-03-23,1.4657,1.5800999999999998,0.8454,0.0576,0.007700000000000001,0.0,0.027599999999999996,0.35579999999999995,1.4257,0.0564,1.1483999999999999,1.7587,0.0
2021-03-24,1.5318999999999998,1.6161,0.8461000000000001,0.0717,0.0096,0.0,0.0317,0.35579999999999995,1.4431,0.0564,1.1473,1.8240999999999998,0.0
2021-03-25,1.6224000000000003,1.6609,0.8592000000000001,0.1075,0.007700000000000001,0.0,0.0347,0.35579999999999995,1.5305000000000002,0.0626,1.1715,1.8266,0.0
2021-03-26,1.6884000000000001,1.7113999999999998,0.8737,0.12029999999999999,0.005699999999999999,0.0,0.039799999999999995,0.35579999999999995,1.5846,0.0814,1.1961000000000002,1.858,0.023799999999999998
2021-03-27,1.7323,1.7855,0.8468000000000001,0.13560000000000003,0.005699999999999999,0.0,0.0408,0.3049,1.6515,0.0814,1.2218,1.9182,0.023799999999999998
2021-03-28,1.7902,1.8465,0.8548000000000001,0.1369,0.007700000000000001,0.0,0.0419,0.3049,1.6991,0.0814,1.2501,2.0481000000000003,0.023799999999999998
2021-03-29,1.8311000000000002,1.9080000000000001,0.8577,0.1484,0.007700000000000001,0.0,0.0419,0.3049,1.7550999999999999,0.0814,1.2847,2.1278,0.023799999999999998
2021-03-30,1.8811000000000002,1.9632,0.8345,0.16,0.0096,0.0,0.0429,0.3049,1.8408,0.09400000000000001,1.3200999999999998,2.1346,0.023799999999999998
2021-03-31,1.9697999999999998,2.0631999999999997,0.8128000000000001,0.17399999999999996,0.011499999999999998,0.0,0.0429,0.0,1.8968,0.09400000000000001,1.3576,2.2228,0.047599999999999996
2021-04-01,2.0534,2.104,0.7874,0.17789999999999997,0.011499999999999998,0.0,0.0429,0.0,1.9648999999999999,0.1002,1.4240000000000002,2.2941,0.047599999999999996
2021-04-02,2.1405,2.1695,0.7888,0.1868,0.011499999999999998,0.0,0.049,0.0,2.0561,0.0752,1.4881,2.362,0.047599999999999996
2021-04-03,2.2569999999999997,2.2707,0.7895999999999999,0.19449999999999998,0.011499999999999998,0.0,0.0511,0.0,2.1362,0.0752,1.5472000000000001,2.4297999999999997,0.047599999999999996
2021-04-04,2.3458,2.3486000000000002,0.7736000000000001,0.20729999999999998,0.011499999999999998,0.0,0.0521,0.0,2.2211000000000003,0.0752,1.6063,2.4663,0.047599999999999996
2021-04-05,2.4433000000000002,2.3989,0.7787000000000001,0.20989999999999998,0.011499999999999998,0.022099999999999998,0.0521,0.0,2.3051,0.0626,1.6691999999999998,2.4789999999999996,0.047599999999999996
2021-04-06,2.5487,2.4739,0.7519,0.2047,0.011499999999999998,0.022099999999999998,0.057199999999999994,0.0,2.4082,0.0501,1.7288999999999999,2.5376000000000003,0.047599999999999996
2021-04-07,2.6976999999999998,2.5284999999999997,0.7751,0.2086,0.011499999999999998,0.022099999999999998,0.0541,0.0,2.5198,0.0501,1.7856999999999998,2.5393,0.047599999999999996
2021-04-08,2.8481,2.6243,0.7945999999999999,0.17909999999999998,0.0134,0.022099999999999998,0.05620000000000001,0.0,2.5818999999999996,0.0501,1.8632,2.5825,0.047599999999999996
2021-04-09,3.0299000000000005,2.693,0.8402999999999999,0.1728,0.0192,0.022099999999999998,0.053099999999999994,0.0,2.7216,0.0376,1.9487,2.7047000000000003,0.023799999999999998
2021-04-10,3.1713,2.7604,0.8947,0.18170000000000003,0.0268,0.022099999999999998,0.055099999999999996,0.0,2.8139,0.0376,2.0355999999999996,2.7157,0.023799999999999998
2021-04-11,3.2932,2.8053,0.9359999999999999,0.1855,0.024900000000000002,0.022099999999999998,0.0582,0.0,2.9501999999999997,0.0376,2.1075999999999997,2.7768,0.023799999999999998
2021-04-12,3.4268,2.8428,0.9781,0.1855,0.0268,0.022099999999999998,0.0653,0.0,3.1068000000000002,0.0564,2.1902000000000004,2.8583,0.047599999999999996
2021-04-13,3.5410000000000004,2.8492,1.0165,0.1728,0.024900000000000002,0.022099999999999998,0.0684,0.0,3.1973000000000003,0.0376,2.2632,2.9635000000000002,0.047599999999999996
2021-04-14,3.6633999999999998,2.8793,1.0295,0.17789999999999997,0.0287,0.022099999999999998,0.0684,0.0,3.321,0.0376,2.3255000000000003,2.9703,0.047599999999999996
2021-04-15,3.8377,2.9518,1.0999,0.1728,0.0306,0.022099999999999998,0.0684,0.025400000000000002,3.4689,0.043899999999999995,2.3537000000000003,3.0585,0.047599999999999996
2021-04-16,3.9587,2.9383999999999997,1.1216,0.1728,0.0364,0.022099999999999998,0.0653,0.3303,3.5859,0.043899999999999995,2.3785,3.0381,0.047599999999999996
2021-04-17,4.0526,2.9287,1.1869,0.1753,0.0421,0.022099999999999998,0.0694,0.4828,3.6776999999999997,0.043899999999999995,2.4083,3.0101,0.047599999999999996
2021-04-18,4.181,2.9158999999999997,1.2615,0.17399999999999996,0.0441,0.022099999999999998,0.0694,0.559,3.7597000000000005,0.0626,2.4304,3.0661,0.047599999999999996
2021-04-19,4.295,2.9372000000000007,1.2847,0.1728,0.049800000000000004,0.0,0.0827,0.7115000000000001,3.8622,0.0814,2.4118,3.0873000000000004,0.0713
2021-04-20,4.3886,2.8947000000000003,1.3928,0.16890000000000002,0.0536,0.0,0.0858,0.8386,3.8896,0.08769999999999999,2.4080999999999997,3.1136000000000004,0.0713
2021-04-21,4.467300000000001,2.8685000000000005,1.4319,0.16,0.0536,0.0443,0.1093,0.8640000000000001,3.9572000000000003,0.08769999999999999,2.4019,3.1493,0.09509999999999999
2021-04-22,4.564100000000001,2.8127,1.5211000000000001,0.1753,0.0575,0.0664,0.14300000000000002,0.9401999999999999,3.9835000000000003,0.08769999999999999,2.3598,3.1875,0.09509999999999999
2021-04-23,4.6023000000000005,2.7619999999999996,1.5182,0.1855,0.0536,0.1107,0.1858,1.1689,4.0024,0.0814,2.2851,3.0967,0.1427
2021-04-24,4.67,2.6839,1.6225999999999998,0.17149999999999999,0.051699999999999996,0.1107,0.2318,1.3468,4.0214,0.0814,2.2096,3.1382999999999996,0.1427
2021-04-25,4.727399999999999,2.6472,1.7292,0.16510000000000002,0.0555,0.1107,0.29100000000000004,1.5247,3.9869,0.0814,2.1487999999999996,3.078,0.1427
2021-04-26,4.8086,2.6069999999999998,1.8002,0.1612,0.0613,0.1771,0.3513,1.7534,3.9264,0.0752,2.0660000000000003,3.0314,0.1427
2021-04-27,4.9122,2.5926,1.8625999999999998,0.1868,0.05940000000000001,0.1771,0.4432,1.9566000000000001,3.8989,0.0752,1.9970999999999999,2.9771,0.1427
2021-04-28,5.0087,2.5290999999999997,1.9387,0.1766,0.0613,0.1771,0.5177,2.1091,3.8531,0.08769999999999999,1.9427999999999999,2.9889,0.1189
2021-04-29,5.099600000000001,2.4607,1.9909,0.18170000000000003,0.0613,0.1771,0.5861,2.3886000000000003,3.7943000000000002,0.0752,1.8879,2.9099999999999997,0.1189
2021-04-30,5.1880999999999995,2.4092,2.1119999999999997,0.1894,0.0709,0.1771,0.6484000000000001,2.3632,3.7316000000000003,0.08769999999999999,1.8312000000000002,2.9474,0.1189
2021-05-01,5.402200000000001,2.3719,2.1780000000000004,0.1983,0.0747,0.1771,0.7913,2.4139999999999997,3.6642,0.08769999999999999,1.7804,2.9600999999999997,0.1189
2021-05-02,5.450900000000001,2.321,2.2577000000000003,0.1932,0.1073,0.1993,0.92,2.6173,3.629,0.0752,1.7409999999999999,2.9185,0.1189
2021-05-03,5.5912999999999995,2.2565000000000004,2.3665000000000003,0.2009,0.11109999999999999,0.3543,1.0537999999999998,2.6682,3.5604,0.0564,1.7066999999999999,2.8973000000000004,0.1189
2021-05-04,5.6813,2.227,2.4252000000000002,0.20600000000000002,0.1149,0.62,1.2007999999999999,2.7189999999999994,3.5144,0.0564,1.6671,2.8456,0.1189
2021-05-05,5.810700000000001,2.1706999999999996,2.5013,0.21109999999999998,0.12449999999999999,0.8856999999999999,1.3539999999999999,2.8205999999999998,3.4280999999999997,0.0564,1.6319,2.8311,0.09509999999999999
2021-05-06,5.890700000000001,2.1100999999999996,2.5738,0.2009,0.13019999999999998,1.1514,1.501,3.0493,3.4106,0.0626,1.5921,2.7599,0.09509999999999999
2021-05-07,5.956300000000001,2.0559,2.8087,0.1907,0.1417,1.1293,1.6879,2.8460000000000005,3.3197,0.06889999999999999,1.5777,2.798,0.047599999999999996
2021-05-08,6.0581,2.0005,2.9602999999999997,0.1907,0.14750000000000002,1.1293,1.8012,2.8460000000000005,3.2363,0.06889999999999999,1.5604,2.7836000000000003,0.047599999999999996
2021-05-09,6.1024,1.9535,3.1545999999999994,0.1932,0.1532,1.1293,1.9033000000000002,2.7952,3.1866000000000003,0.06889999999999999,1.5540999999999998,2.7225,0.047599999999999996
2021-05-10,6.1255,1.9152000000000002,3.3663,0.1983,0.15130000000000002,1.1293,1.9554,2.7444,3.1328,0.0626,1.5277,2.6452999999999998,0.023799999999999998
2021-05-11,6.105099999999999,1.86,3.4489,0.1702,0.18000000000000002,1.3507,1.9778,2.8969,3.0518,0.0626,1.4998,2.6207000000000003,0.0713
2021-05-12,6.0961,1.8132,3.5751,0.17149999999999999,0.1915,1.395,2.0493,2.9476999999999998,2.9731,0.0501,1.4591,2.6207000000000003,0.0713
2021-05-13,5.9852,1.7615999999999998,3.8164999999999996,0.17909999999999998,0.20109999999999997,1.4172,2.0902,2.9476999999999998,2.8975999999999997,0.0564,1.4286,2.6368,0.0713
2021-05-14,5.8553999999999995,1.7138,3.9623000000000004,0.1664,0.1973,1.55,2.1412000000000004,2.9731,2.7941000000000003,0.0564,1.405,2.6046,0.0713
2021-05-15,5.5755,1.6376,4.0761,0.15230000000000002,0.1973,1.55,2.0778999999999996,2.8969,2.7409,0.0626,1.3652,2.5486000000000004,0.0713
2021-05-16,5.441799999999999,1.603,4.260199999999999,0.15869999999999998,0.18000000000000002,1.5279,2.0708,2.6427,2.6368,0.0564,1.3314,2.4884,0.0713
2021-05-17,5.1499,1.5556,4.39,0.15230000000000002,0.1896,1.3728999999999998,2.0146,2.4395,2.5509,0.0626,1.3026,2.4561,0.047599999999999996
2021-05-18,4.954,1.5000999999999998,4.4219,0.16,0.19340000000000002,1.1956999999999998,1.9503000000000001,2.4139999999999997,2.4712,0.06889999999999999,1.2735999999999998,2.4052000000000002,0.047599999999999996
2021-05-19,4.6457999999999995,1.4902000000000002,4.5198,0.1561,0.1877,0.9079000000000002,1.8563,2.3886000000000003,2.3793,0.1002,1.2349999999999999,2.3433,0.047599999999999996
2021-05-20,4.3294,1.4246999999999999,4.6924,0.151,0.1839,0.62,1.7368999999999999,2.1344999999999996,2.3098,0.08769999999999999,1.2065000000000001,2.3145,0.047599999999999996
2021-05-21,4.0472,1.366,4.7612000000000005,0.16,0.1896,0.62,1.5908,2.1344999999999996,2.2232,0.08769999999999999,1.187,2.2186000000000003,0.047599999999999996
2021-05-22,3.7258,1.3194,4.7524999999999995,0.15230000000000002,0.1858,0.62,1.4897999999999998,1.9821000000000002,2.1506,0.08769999999999999,1.1341999999999999,2.1431,0.047599999999999996
2021-05-23,3.4838,1.2650000000000001,4.7017999999999995,0.1625,0.22030000000000002,0.62,1.3979,1.8550000000000002,2.0471,0.08769999999999999,1.0778,2.0905,0.047599999999999996
2021-05-24,3.2249000000000003,1.212,4.5945,0.1676,0.2241,0.5536,1.3284,1.7025000000000001,1.9609000000000003,0.0814,1.0511,2.0481000000000003,0.047599999999999996
2021-05-25,2.9847,1.1681000000000001,4.5423,0.1766,0.2164,0.3321,1.261,1.3722,1.8906999999999998,0.0814,1.0145,1.9768,0.0
2021-05-26,2.6661,1.1001,4.505299999999999,0.17789999999999997,0.2049,0.2879,1.1508,1.3468,1.8075999999999999,0.0814,0.9634999999999999,1.9496000000000002,0.0
2021-05-27,2.4297,1.0595,4.313199999999999,0.16890000000000002,0.203,0.2657,1.0720999999999998,1.0418999999999998,1.6974000000000002,0.0752,0.9232999999999999,1.8928,0.0
2021-05-28,2.2215,1.0251000000000001,4.3175,0.17399999999999996,0.2183,0.13290000000000002,0.9935,0.7623000000000001,1.6235,0.0752,0.8744,1.7961,0.0
2021-05-29,2.043,0.9892,4.2653,0.17789999999999997,0.226,0.13290000000000002,0.9394,0.6353,1.5198,0.06889999999999999,0.8336,1.7816999999999998,0.0
2021-05-30,1.8736000000000002,0.9396,4.0877,0.1753,0.22219999999999998,0.13290000000000002,0.8312,0.6099,1.4406999999999999,0.06889999999999999,0.7869,1.785,0.0
2021-05-31,1.7701,0.8985,3.992,0.1753,0.20690000000000003,0.155,0.7556,0.6099,1.3556,0.0752,0.7548,1.7274,0.0
2021-06-01,1.619,0.8543999999999999,3.9158999999999997,0.16890000000000002,0.20690000000000003,0.0664,0.6759999999999999,0.45740000000000003,1.2933000000000001,0.0626,0.7150000000000001,1.6908999999999998,0.0
2021-06-02,1.5064,0.7908000000000001,3.8151,0.17399999999999996,0.23370000000000002,0.0443,0.6054999999999999,0.35579999999999995,1.2352999999999998,0.0313,0.6805,1.6832,0.0
2021-06-03,1.3897,0.7601000000000001,3.6411,0.1855,0.2375,0.0443,0.5647,0.3049,1.1315000000000002,0.043899999999999995,0.6344000000000001,1.6705,0.0
2021-06-04,1.2793,0.7141,3.4446,0.17909999999999998,0.22219999999999998,0.022099999999999998,0.4942,0.3049,1.0652,0.0376,0.5793,1.5916,0.0
2021-06-05,1.2051,0.6870999999999999,3.301,0.1881,0.2241,0.022099999999999998,0.4472,0.2795,0.9940000000000001,0.0376,0.5468,1.5229,0.0
2021-06-06,1.1300999999999999,0.6494,3.1292,0.17399999999999996,0.1896,0.022099999999999998,0.3849,0.2795,0.9242,0.0376,0.5121,1.4881,0.0713
2021-06-07,1.0566,0.6183,2.9936000000000003,0.1561,0.1839,0.022099999999999998,0.35229999999999995,0.2541,0.8616999999999999,0.0376,0.4841,1.4575999999999998,0.0713
2021-06-08,1.0005,0.5942000000000001,2.9791000000000003,0.1459,0.1685,0.022099999999999998,0.31350000000000006,0.22870000000000001,0.823,0.0376,0.4611,1.4397,0.09509999999999999
2021-06-09,0.9831,0.5744,2.9327,0.1497,0.1666,0.022099999999999998,0.289,0.050800000000000005,0.7766,0.0376,0.446,1.3490000000000002,0.19019999999999998
2021-06-10,0.9073,0.5307000000000001,2.9014999999999995,0.142,0.16469999999999999,0.022099999999999998,0.2696,0.07619999999999999,0.7396,0.0376,0.4172,1.2896,0.2854
2021-06-11,0.83,0.5041,2.7022,0.1318,0.1436,0.022099999999999998,0.23379999999999998,0.1525,0.6920999999999999,0.025099999999999997,0.3893,1.2590000000000001,0.33290000000000003
2021-06-12,0.7786,0.4726,2.6572,0.128,0.1379,0.022099999999999998,0.21030000000000001,0.22870000000000001,0.6545,0.025099999999999997,0.3627,1.1971,0.33290000000000003
2021-06-13,0.7274999999999999,0.4484000000000001,2.5883,0.12539999999999998,0.1264,0.022099999999999998,0.196,0.22870000000000001,0.6203000000000001,0.025099999999999997,0.3436,1.108,0.33290000000000003
2021-06-14,0.6940000000000001,0.4204,2.4621999999999997,0.1139,0.13019999999999998,0.0,0.1858,0.22870000000000001,0.5885,0.0125,0.3257,1.0588,0.4756
2021-06-15,0.6755,0.40560000000000007,2.3794999999999997,0.11130000000000001,0.1226,0.0,0.17559999999999998,0.22870000000000001,0.5612,0.0125,0.31370000000000003,1.0249,0.5469
2021-06-16,0.6174000000000001,0.3899,2.2889,0.0998,0.0919,0.0,0.1695,0.22870000000000001,0.5375,0.0125,0.29800000000000004,0.9832999999999998,0.8561000000000001
2021-06-17,0.5844,0.37450000000000006,2.1584,0.0832,0.0824,0.0,0.1583,0.22870000000000001,0.5035000000000001,0.0,0.2856,0.9528,1.2366
2021-06-18,0.5572,0.36000000000000004,2.0533,0.0742,0.0785,0.0,0.1542,0.20329999999999998,0.46490000000000004,0.0,0.2679,0.968,1.4506000000000001
2021-06-19,0.5197,0.3361,1.9634,0.0691,0.069,0.0,0.1409,0.20329999999999998,0.43850000000000006,0.0,0.26010000000000005,0.9299,1.6408000000000003
2021-06-20,0.4900999999999999,0.3281,1.8713,0.06780000000000001,0.05940000000000001,0.0,0.1307,0.20329999999999998,0.4151,0.0,0.25120000000000003,0.9179999999999999,2.378
2021-06-21,0.4749,0.311,1.7994999999999999,0.0665,0.0555,0.0,0.1133,0.20329999999999998,0.39780000000000004,0.0,0.23920000000000002,0.884,2.378
2021-06-22,0.4564,0.2893,1.6769999999999998,0.0665,0.051699999999999996,0.0,0.1011,0.20329999999999998,0.386,0.0,0.2316,0.8365,2.9486999999999997
2021-06-23,0.40640000000000004,0.2774,1.5864,0.051199999999999996,0.04599999999999999,0.0,0.08779999999999999,0.20329999999999998,0.37549999999999994,0.0,0.2257,0.8026000000000001,3.0439
2021-06-24,0.3826,0.2623,1.4805000000000001,0.0499,0.0364,0.0,0.0786,0.17789999999999997,0.3555,0.0,0.21480000000000002,0.7695,3.0439
2021-06-25,0.3625,0.2413,1.3803999999999998,0.0499,0.0306,0.0,0.08990000000000001,0.07619999999999999,0.3339,0.0,0.2041,0.7424,3.4243
2021-06-26,0.3365,0.23370000000000002,1.2434,0.042199999999999994,0.0192,0.0,0.0909,0.0,0.3233,0.0,0.1829,0.705,3.9475
2021-06-27,0.30670000000000003,0.2187,1.1731,0.0346,0.0172,0.0,0.08779999999999999,0.0,0.30679999999999996,0.0,0.1653,0.6898000000000001,3.9475
2021-06-28,0.2877,0.2129,1.1280999999999999,0.0346,0.011499999999999998,0.0,0.08369999999999998,0.0,0.29079999999999995,0.0,0.1805,0.6575,4.851100000000001
2021-06-29,0.2727,0.1976,1.0890000000000002,0.0346,0.007700000000000001,0.0,0.0827,0.0,0.29100000000000004,0.0063,0.1766,0.6626000000000001,5.350499999999999
2021-06-30,0.2553,0.18399999999999997,1.0404000000000002,0.0346,0.007700000000000001,0.0,0.0786,0.0,0.2774,0.0063,0.1734,0.6185,5.2791999999999994
2021-07-01,0.2366,0.1702,0.9737000000000001,0.0307,0.005699999999999999,0.0,0.0684,0.0,0.27149999999999996,0.0063,0.1655,0.5438,5.2554
2021-07-02,0.2182,0.156,0.8837999999999999,0.0307,0.007700000000000001,0.0,0.0592,0.0,0.26170000000000004,0.0063,0.15869999999999998,0.4709,5.041399999999999
2021-07-03,0.19899999999999998,0.1436,0.8084,0.024300000000000002,0.007700000000000001,0.0,0.06230000000000001,0.0,0.25179999999999997,0.0063,0.1401,0.46659999999999996,5.5883
2021-07-04,0.1884,0.13329999999999997,0.7874,0.0218,0.007700000000000001,0.0,0.06330000000000001,0.0,0.24469999999999997,0.0063,0.1429,0.4386,4.7798
2021-07-05,0.1848,0.128,0.7845000000000001,0.022999999999999996,0.0326,0.0,0.0643,0.0,0.23789999999999997,0.0063,0.1381,0.43179999999999996,4.7798
2021-07-06,0.1793,0.1191,0.7606,0.0218,0.0306,0.0,0.0694,0.0,0.2344,0.0125,0.1361,0.40890000000000004,5.0652
2021-07-07,0.17370000000000002,0.11359999999999999,0.7206999999999999,0.020499999999999997,0.0306,0.0,0.0705,0.0,0.2302,0.0125,0.13329999999999997,0.42590000000000006,5.112699999999999
2021-07-08,0.1624,0.1105,0.7062,0.017900000000000003,0.0306,0.0,0.0674,0.0,0.22440000000000002,0.0125,0.1296,0.4768,5.303
2021-07-09,0.1558,0.1191,0.7004000000000001,0.0166,0.0345,0.0,0.0521,0.0,0.2194,0.0125,0.1528,0.47,5.0889
2021-07-10,0.1484,0.11689999999999999,0.6873,0.015400000000000002,0.0345,0.0,0.0419,0.0,0.20809999999999998,0.0125,0.1528,0.45299999999999996,4.6847
2021-07-11,0.1474,0.1191,0.6627,0.0141,0.0345,0.0,0.0419,0.0,0.19989999999999997,0.0125,0.1699,0.42929999999999996,4.6847
2021-07-12,0.1472,0.1175,0.6395,0.012799999999999999,0.0326,0.0,0.0388,0.0,0.19340000000000002,0.0125,0.1464,0.42929999999999996,3.6383999999999994
2021-07-13,0.1413,0.1183,0.6068,0.009000000000000001,0.0421,0.0,0.0388,0.0,0.183,0.0063,0.14439999999999997,0.4081,3.5195
2021-07-14,0.13460000000000003,0.11789999999999999,0.5938,0.0051,0.04599999999999999,0.0,0.0347,0.0,0.1809,0.0063,0.1384,0.38770000000000004,3.3768000000000002
2021-07-15,0.1314,0.11970000000000001,0.5612,0.0141,0.09000000000000001,0.0,0.0306,0.0,0.17129999999999998,0.0063,0.13520000000000001,0.40719999999999995,3.1628
2021-07-16,0.13090000000000002,0.1216,0.5503,0.012799999999999999,0.0881,0.0,0.028599999999999997,0.0,0.1685,0.0063,0.1368,0.40719999999999995,3.3292
2021-07-17,0.1325,0.12669999999999998,0.559,0.012799999999999999,0.0881,0.0,0.0204,0.0,0.1663,0.0063,0.1368,0.39540000000000003,2.7108999999999996
2021-07-18,0.1303,0.1311,0.5416,0.0141,0.0881,0.0,0.0204,0.0,0.1638,0.0063,0.1381,0.40299999999999997,2.7108999999999996
2021-07-19,0.12890000000000001,0.1354,0.522,0.012799999999999999,0.0709,0.0,0.0194,0.0,0.1611,0.0063,0.1324,0.4004,2.7108999999999996
2021-07-20,0.13699999999999998,0.14880000000000002,0.5147999999999999,0.012799999999999999,0.0709,0.0,0.012299999999999998,0.0,0.1532,0.0,0.12460000000000002,0.4132,2.3067
2021-07-21,0.1402,0.1525,0.49659999999999993,0.012799999999999999,0.0709,0.0,0.0184,0.0,0.1492,0.0,0.1125,0.4123,2.1878
2021-07-22,0.159,0.1583,0.4734,0.0141,0.0709,0.0,0.0163,0.0,0.14750000000000002,0.0,0.1166,0.34280000000000005,2.0688999999999997
2021-07-23,0.16940000000000002,0.1575,0.4495,0.017900000000000003,0.067,0.0,0.0174,0.0,0.14809999999999998,0.0,0.0949,0.3478,2.2591
2021-07-24,0.19649999999999998,0.16690000000000002,0.42560000000000003,0.017900000000000003,0.067,0.0,0.0163,0.0,0.14750000000000002,0.0,0.0949,0.3529,2.1402
2021-07-25,0.2221,0.17309999999999998,0.4031,0.017900000000000003,0.067,0.0,0.013300000000000001,0.0,0.1479,0.0,0.1038,0.3589,2.1402
2021-07-26,0.2366,0.1855,0.3879,0.0192,0.067,0.0,0.014299999999999998,0.0,0.1482,0.0,0.1065,0.38180000000000003,2.1402
2021-07-27,0.2589,0.2082,0.39299999999999996,0.020499999999999997,0.0575,0.0,0.0153,0.0,0.1471,0.0,0.10869999999999999,0.3911,2.3542
2021-07-28,0.2924,0.23620000000000002,0.3734,0.022999999999999996,0.051699999999999996,0.0,0.0153,0.0,0.1474,0.0,0.1155,0.4403,2.3304
2021-07-29,0.3331,0.26420000000000005,0.37770000000000004,0.0192,0.007700000000000001,0.0,0.0163,0.0,0.1525,0.0,0.124,0.45899999999999996,2.1878
2021-07-30,0.3661,0.30269999999999997,0.38280000000000003,0.025599999999999998,0.007700000000000001,0.0,0.0174,0.0,0.1571,0.0,0.12890000000000001,0.4904,2.3542
2021-07-31,0.4093,0.32289999999999996,0.35960000000000003,0.025599999999999998,0.007700000000000001,0.0,0.0174,0.0,0.16260000000000002,0.0,0.12890000000000001,0.532,2.2353
2021-08-01,0.45159999999999995,0.3493,0.3553,0.0473,0.007700000000000001,0.0,0.014299999999999998,0.0,0.1654,0.0,0.1532,0.5379,2.2353
2021-08-02,0.47630000000000006,0.3774,0.34,0.0473,0.005699999999999999,0.0,0.014299999999999998,0.0,0.168,0.0,0.17120000000000002,0.5481,2.2353
2021-08-03,0.48919999999999997,0.4017,0.3379,0.0614,0.005699999999999999,0.022099999999999998,0.0204,0.0,0.17049999999999998,0.0,0.1916,0.5498,1.9262000000000001
2021-08-04,0.5174,0.45299999999999996,0.3161,0.064,0.007700000000000001,0.022099999999999998,0.0153,0.0,0.17079999999999998,0.0188,0.21309999999999998,0.5566,1.9737
2021-08-05,0.5831999999999999,0.5138,0.3023,0.0781,0.007700000000000001,0.022099999999999998,0.0194,0.0,0.1727,0.025099999999999997,0.2371,0.5896,1.95
2021-08-06,0.6445,0.5821999999999999,0.29359999999999997,0.0819,0.011499999999999998,0.0443,0.0184,0.0,0.1827,0.025099999999999997,0.25070000000000003,0.6193000000000001,1.7122000000000002
2021-08-07,0.7004000000000001,0.6459,0.2755,0.0819,0.011499999999999998,0.0443,0.0184,0.0,0.19679999999999997,0.025099999999999997,0.25070000000000003,0.6965000000000001,1.7359
2021-08-08,0.7531,0.7012999999999999,0.2828,0.1075,0.011499999999999998,0.0443,0.0184,0.0,0.2139,0.025099999999999997,0.2841,0.7424,1.7359
2021-08-09,0.787,0.7398999999999999,0.29510000000000003,0.1126,0.011499999999999998,0.0443,0.0245,0.0,0.2278,0.025099999999999997,0.3045,0.7525000000000001,1.7359
2021-08-10,0.8198000000000001,0.7875,0.29800000000000004,0.1216,0.011499999999999998,0.0664,0.023500000000000004,0.0,0.2409,0.0376,0.3233,0.7754000000000001,1.2841
2021-08-11,0.8892,0.8556999999999999,0.30160000000000003,0.13560000000000003,0.011499999999999998,0.0664,0.0265,0.0,0.2521,0.0501,0.3503,0.7984,1.2841
2021-08-12,0.9609,0.9161,0.29,0.1446,0.011499999999999998,0.0664,0.0327,0.0,0.2722,0.0501,0.37729999999999997,0.8713,1.3316999999999999
2021-08-13,1.0502,1.0082,0.2748,0.16,0.0192,0.0664,0.0327,0.0,0.2914,0.0626,0.4124,0.9281999999999999,1.2128
2021-08-14,1.1235,1.0804999999999998,0.2726,0.16,0.0192,0.0664,0.0327,0.0,0.31320000000000003,0.0626,0.4629,0.9655,1.2128
2021-08-15,1.1734999999999998,1.1280999999999999,0.2625,0.1369,0.0192,0.1107,0.0327,0.0,0.33299999999999996,0.0626,0.45979999999999993,1.0503,1.2128
2021-08-16,1.2289,1.1817,0.2741,0.1881,0.0192,0.3986,0.0419,0.0,0.35729999999999995,0.0752,0.4896,1.0995,1.2128
2021-08-17,1.2924000000000002,1.24,0.2755,0.1907,0.0192,1.6163999999999998,0.0368,0.0,0.3698,0.0814,0.5067999999999999,1.1708,1.0463
2021-08-18,1.3992,1.281,0.29359999999999997,0.2086,0.0287,2.8786,0.043899999999999995,0.0,0.3933,0.0626,0.5362,1.2302,1.189
2021-08-19,1.4941999999999998,1.3367,0.2878,0.22010000000000002,0.0287,2.8786,0.048,0.0,0.4149,0.0564,0.5515,1.3319999999999999,1.3078999999999998
2021-08-20,1.5800999999999998,1.3754,0.2987,0.25589999999999996,0.0287,3.7643,0.057199999999999994,0.0,0.4359,0.0564,0.5876,1.4652,1.1414000000000002
2021-08-21,1.6758000000000002,1.4340000000000002,0.311,0.25589999999999996,0.0287,4.406499999999999,0.057199999999999994,0.0,0.4570000000000001,0.0752,0.6531999999999999,1.5059,1.189
2021-08-22,1.7443,1.4691999999999998,0.30519999999999997,0.2303,0.0287,4.406499999999999,0.057199999999999994,0.0,0.47729999999999995,0.0752,0.6478,1.6238,1.189
2021-08-23,1.7961,1.4981,0.306,0.29819999999999997,0.0326,4.406499999999999,0.0674,0.0,0.4986,0.0752,0.6625,1.5916,1.189
2021-08-24,1.8752,1.5459,0.3139,0.3071,0.0326,4.8715,0.0756,0.0,0.5097999999999999,0.06889999999999999,0.6755,1.6543999999999999,1.1414000000000002
2021-08-25,2.0053,1.5774000000000001,0.36689999999999995,0.3033,0.0364,5.0264999999999995,0.07959999999999999,0.0,0.5326,0.0564,0.6970999999999999,1.7596,1.1177
2021-08-26,2.1324,1.6184,0.38280000000000003,0.2994,0.0364,5.4472000000000005,0.0735,0.0,0.5438,0.0564,0.7243999999999999,1.7774,1.0939
2021-08-27,2.2649000000000004,1.6475000000000002,0.3872,0.2956,0.0421,5.8458000000000006,0.0817,0.0,0.5622,0.0752,0.7459999999999999,1.8902,0.8799
2021-08-28,2.4156999999999997,1.6936000000000002,0.4437,0.3173,0.0421,5.9565,0.0817,0.0,0.5797,0.0752,0.766,2.0828,0.8799
2021-08-29,2.5308,1.7208,0.4575,0.3301,0.0421,5.9122,0.0817,0.0,0.5952000000000001,0.0752,0.7961,2.1803999999999997,0.8799
2021-08-30,2.6377999999999995,1.7288999999999999,0.4597,0.2943,0.0536,5.6243,0.1042,0.0,0.6066,0.0626,0.7934,2.2771000000000003,0.8799
2021-08-31,2.7538,1.7588000000000001,0.4524,0.28150000000000003,0.0536,5.5357,0.1042,0.0,0.6185999999999999,0.0752,0.8053,2.4324,0.9988
2021-09-01,2.8979,1.8038999999999998,0.47270000000000006,0.2751,0.0575,4.4729,0.10210000000000001,0.0,0.6302,0.0752,0.8349,2.5936000000000003,0.7372000000000001
2021-09-02,3.0159,1.8256999999999999,0.4792,0.261,0.0575,4.782900000000001,0.098,0.0,0.6529000000000001,0.0752,0.8656,2.6572,0.5232
